FILE	wgMLST-00018477	wgMLST-00018481	wgMLST-00018482	wgMLST-00018483	wgMLST-00018484	wgMLST-00018490	wgMLST-00018491	wgMLST-00018493	wgMLST-00018494	wgMLST-00018496	wgMLST-00018497	wgMLST-00018498	wgMLST-00018499	wgMLST-00018500	wgMLST-00018505	wgMLST-00018508	wgMLST-00018511	wgMLST-00018512	wgMLST-00018513	wgMLST-00018514	wgMLST-00018517	wgMLST-00018520	wgMLST-00018522	wgMLST-00018523	wgMLST-00018525	wgMLST-00018531	wgMLST-00018532	wgMLST-00018535	wgMLST-00018538	wgMLST-00018540	wgMLST-00018552	wgMLST-00018553	wgMLST-00018554	wgMLST-00018555	wgMLST-00018557	wgMLST-00018558	wgMLST-00018559	wgMLST-00018562	wgMLST-00018563	wgMLST-00018565	wgMLST-00018566	wgMLST-00018567	wgMLST-00018569	wgMLST-00018571	wgMLST-00018572	wgMLST-00018575	wgMLST-00018576	wgMLST-00018578	wgMLST-00018579	wgMLST-00018582	wgMLST-00018583	wgMLST-00018584	wgMLST-00018585	wgMLST-00018587	wgMLST-00018588	wgMLST-00018589	wgMLST-00018592	wgMLST-00018593	wgMLST-00018595	wgMLST-00018596	wgMLST-00018597	wgMLST-00018598	wgMLST-00018599	wgMLST-00018600	wgMLST-00018601	wgMLST-00018602	wgMLST-00018603	wgMLST-00018604	wgMLST-00018605	wgMLST-00018607	wgMLST-00018608	wgMLST-00018609	wgMLST-00018611	wgMLST-00018612	wgMLST-00018613	wgMLST-00018614	wgMLST-00018615	wgMLST-00018617	wgMLST-00018618	wgMLST-00018619	wgMLST-00018625	wgMLST-00018627	wgMLST-00018629	wgMLST-00018630	wgMLST-00018632	wgMLST-00018633	wgMLST-00018638	wgMLST-00018639	wgMLST-00018643	wgMLST-00018646	wgMLST-00018647	wgMLST-00018648	wgMLST-00018649	wgMLST-00018653	wgMLST-00018656	wgMLST-00018657	wgMLST-00018659	wgMLST-00018660	wgMLST-00018661	wgMLST-00018662	wgMLST-00018663	wgMLST-00018668	wgMLST-00018672	wgMLST-00018674	wgMLST-00018675	wgMLST-00018677	wgMLST-00018678	wgMLST-00018679	wgMLST-00018680	wgMLST-00018681	wgMLST-00018684	wgMLST-00018685	wgMLST-00018687	wgMLST-00018688	wgMLST-00018689	wgMLST-00018690	wgMLST-00018691	wgMLST-00018692	wgMLST-00018693	wgMLST-00018696	wgMLST-00018697	wgMLST-00018699	wgMLST-00018700	wgMLST-00018701	wgMLST-00018702	wgMLST-00018703	wgMLST-00018704	wgMLST-00018705	wgMLST-00018708	wgMLST-00018710	wgMLST-00018711	wgMLST-00018712	wgMLST-00018716	wgMLST-00018717	wgMLST-00018718	wgMLST-00018722	wgMLST-00018723	wgMLST-00018725	wgMLST-00018726	wgMLST-00018727	wgMLST-00018728	wgMLST-00018729	wgMLST-00018730	wgMLST-00018731	wgMLST-00018732	wgMLST-00018733	wgMLST-00018736	wgMLST-00018737	wgMLST-00018738	wgMLST-00018740	wgMLST-00018741	wgMLST-00018742	wgMLST-00018746	wgMLST-00018747	wgMLST-00018749	wgMLST-00018750	wgMLST-00018751	wgMLST-00018752	wgMLST-00018754	wgMLST-00018757	wgMLST-00018758	wgMLST-00018759	wgMLST-00018760	wgMLST-00018785	wgMLST-00018799	wgMLST-00018803	wgMLST-00018805	wgMLST-00018812	wgMLST-00018813	wgMLST-00018817	wgMLST-00018818	wgMLST-00018819	wgMLST-00018821	wgMLST-00018822	wgMLST-00018823	wgMLST-00018824	wgMLST-00018827	wgMLST-00018828	wgMLST-00018832	wgMLST-00018840	wgMLST-00018855	wgMLST-00018860	wgMLST-00018861	wgMLST-00018862	wgMLST-00018876	wgMLST-00018879	wgMLST-00018880	wgMLST-00018881	wgMLST-00018882	wgMLST-00018883	wgMLST-00018884	wgMLST-00018892	wgMLST-00018893	wgMLST-00018910	wgMLST-00018932	wgMLST-00018937	wgMLST-00018943	wgMLST-00018945	wgMLST-00018956	wgMLST-00018957	wgMLST-00018958	wgMLST-00018959	wgMLST-00018960	wgMLST-00018961	wgMLST-00018962	wgMLST-00018964	wgMLST-00018965	wgMLST-00018968	wgMLST-00018969	wgMLST-00018979	wgMLST-00018981	wgMLST-00019010	wgMLST-00019011	wgMLST-00019012	wgMLST-00019014	wgMLST-00019017	wgMLST-00019024	wgMLST-00019025	wgMLST-00019026	wgMLST-00019030	wgMLST-00019040	wgMLST-00019041	wgMLST-00019042	wgMLST-00019043	wgMLST-00019044	wgMLST-00019046	wgMLST-00019047	wgMLST-00019064	wgMLST-00019068	wgMLST-00019076	wgMLST-00019094	wgMLST-00019104	wgMLST-00019111	wgMLST-00019119	wgMLST-00019134	wgMLST-00019137	wgMLST-00019153	wgMLST-00019154	wgMLST-00019155	wgMLST-00019156	wgMLST-00019157	wgMLST-00019158	wgMLST-00019159	wgMLST-00019160	wgMLST-00019161	wgMLST-00019162	wgMLST-00019163	wgMLST-00019164	wgMLST-00019165	wgMLST-00019188	wgMLST-00019217	wgMLST-00019221	wgMLST-00019239	wgMLST-00019296	wgMLST-00019298	wgMLST-00019299	wgMLST-00019300	wgMLST-00019301	wgMLST-00019302	wgMLST-00019303	wgMLST-00019420	wgMLST-00019422	wgMLST-00019425	wgMLST-00019435	wgMLST-00019450	wgMLST-00019452	wgMLST-00019453	wgMLST-00019461	wgMLST-00019469	wgMLST-00019471	wgMLST-00019472	wgMLST-00019513	wgMLST-00019540	wgMLST-00019548	wgMLST-00019549	wgMLST-00019571	wgMLST-00019572	wgMLST-00019573	wgMLST-00019574	wgMLST-00019698	wgMLST-00019751	wgMLST-00019781	wgMLST-00019786	wgMLST-00019789	wgMLST-00019826	wgMLST-00019860	wgMLST-00019861	wgMLST-00019878	wgMLST-00019894	wgMLST-00019932	wgMLST-00019934	wgMLST-00019946	wgMLST-00020035	wgMLST-00020036	wgMLST-00020061	wgMLST-00020083	wgMLST-00020112	wgMLST-00020120	wgMLST-00020122	wgMLST-00020123	wgMLST-00020129	wgMLST-00020188	wgMLST-00020215	wgMLST-00020218	wgMLST-00020222	wgMLST-00020226	wgMLST-00020256	wgMLST-00020258	wgMLST-00020259	wgMLST-00020260	wgMLST-00020271	wgMLST-00020284	wgMLST-00020285	wgMLST-00020290	wgMLST-00020291	wgMLST-00020293	wgMLST-00020295	wgMLST-00020296	wgMLST-00020297	wgMLST-00020299	wgMLST-00020303	wgMLST-00020305	wgMLST-00020306	wgMLST-00020310	wgMLST-00020312	wgMLST-00020319	wgMLST-00020320	wgMLST-00020321	wgMLST-00020328	wgMLST-00020329	wgMLST-00020332	wgMLST-00020334	wgMLST-00020337	wgMLST-00020340	wgMLST-00020341	wgMLST-00020342	wgMLST-00020345	wgMLST-00020348	wgMLST-00020349	wgMLST-00020355	wgMLST-00020359	wgMLST-00020360	wgMLST-00020361	wgMLST-00020362	wgMLST-00020367	wgMLST-00020368	wgMLST-00020369	wgMLST-00020370	wgMLST-00020372	wgMLST-00020377	wgMLST-00020382	wgMLST-00020385	wgMLST-00020386	wgMLST-00020388	wgMLST-00020394	wgMLST-00020395	wgMLST-00020399	wgMLST-00020405	wgMLST-00020406	wgMLST-00020407	wgMLST-00020408	wgMLST-00020409	wgMLST-00020411	wgMLST-00020412	wgMLST-00020413	wgMLST-00020415	wgMLST-00020426	wgMLST-00020429	wgMLST-00020430	wgMLST-00020431	wgMLST-00020432	wgMLST-00020433	wgMLST-00020434	wgMLST-00020442	wgMLST-00020443	wgMLST-00020449	wgMLST-00020450	wgMLST-00020451	wgMLST-00020454	wgMLST-00020456	wgMLST-00020457	wgMLST-00020458	wgMLST-00020460	wgMLST-00020461	wgMLST-00020463	wgMLST-00020471	wgMLST-00020474	wgMLST-00020475	wgMLST-00020476	wgMLST-00020482	wgMLST-00020491	wgMLST-00020492	wgMLST-00020493	wgMLST-00020494	wgMLST-00020495	wgMLST-00020497	wgMLST-00020498	wgMLST-00020500	wgMLST-00020502	wgMLST-00020517	wgMLST-00020519	wgMLST-00020522	wgMLST-00020523	wgMLST-00020524	wgMLST-00020525	wgMLST-00020526	wgMLST-00020528	wgMLST-00020540	wgMLST-00020546	wgMLST-00020547	wgMLST-00020548	wgMLST-00020549	wgMLST-00020550	wgMLST-00020551	wgMLST-00020552	wgMLST-00020553	wgMLST-00020554	wgMLST-00020555	wgMLST-00020556	wgMLST-00020557	wgMLST-00020558	wgMLST-00020559	wgMLST-00020570	wgMLST-00020571	wgMLST-00020579	wgMLST-00020581	wgMLST-00020582	wgMLST-00020583	wgMLST-00020584	wgMLST-00020585	wgMLST-00020586	wgMLST-00020587	wgMLST-00020588	wgMLST-00020590	wgMLST-00020591	wgMLST-00020592	wgMLST-00020593	wgMLST-00020594	wgMLST-00020595	wgMLST-00020596	wgMLST-00020614	wgMLST-00020616	wgMLST-00020619	wgMLST-00020620	wgMLST-00020621	wgMLST-00020623	wgMLST-00020624	wgMLST-00020625	wgMLST-00020626	wgMLST-00020627	wgMLST-00020628	wgMLST-00020630	wgMLST-00020631	wgMLST-00020633	wgMLST-00020635	wgMLST-00020643	wgMLST-00020651	wgMLST-00020670	wgMLST-00020671	wgMLST-00020672	wgMLST-00020673	wgMLST-00020674	wgMLST-00020675	wgMLST-00020676	wgMLST-00020677	wgMLST-00020678	wgMLST-00020679	wgMLST-00020680	wgMLST-00020681	wgMLST-00020682	wgMLST-00020683	wgMLST-00020687	wgMLST-00020715	wgMLST-00020719	wgMLST-00020720	wgMLST-00020721	wgMLST-00020724	wgMLST-00020727	wgMLST-00020728	wgMLST-00020729	wgMLST-00020730	wgMLST-00020731	wgMLST-00020732	wgMLST-00020735	wgMLST-00020740	wgMLST-00020741	wgMLST-00020742	wgMLST-00020743	wgMLST-00020744	wgMLST-00020745	wgMLST-00020746	wgMLST-00020748	wgMLST-00020749	wgMLST-00020750	wgMLST-00020751	wgMLST-00020752	wgMLST-00020756	wgMLST-00020762	wgMLST-00020763	wgMLST-00020764	wgMLST-00020765	wgMLST-00020766	wgMLST-00020767	wgMLST-00020768	wgMLST-00020769	wgMLST-00020770	wgMLST-00020771	wgMLST-00020773	wgMLST-00020776	wgMLST-00020778	wgMLST-00020779	wgMLST-00020782	wgMLST-00020784	wgMLST-00020785	wgMLST-00020787	wgMLST-00020788	wgMLST-00020793	wgMLST-00020796	wgMLST-00020798	wgMLST-00020801	wgMLST-00020802	wgMLST-00020805	wgMLST-00020808	wgMLST-00020809	wgMLST-00020810	wgMLST-00020812	wgMLST-00020813	wgMLST-00020817	wgMLST-00020820	wgMLST-00020821	wgMLST-00020822	wgMLST-00020823	wgMLST-00020826	wgMLST-00020828	wgMLST-00020830	wgMLST-00020831	wgMLST-00020832	wgMLST-00020834	wgMLST-00020835	wgMLST-00020837	wgMLST-00020839	wgMLST-00020840	wgMLST-00020842	wgMLST-00020844	wgMLST-00020845	wgMLST-00020846	wgMLST-00020847	wgMLST-00020856	wgMLST-00020857	wgMLST-00020859	wgMLST-00020860	wgMLST-00020861	wgMLST-00020862	wgMLST-00020865	wgMLST-00020866	wgMLST-00020868	wgMLST-00020869	wgMLST-00020870	wgMLST-00020871	wgMLST-00020872	wgMLST-00020875	wgMLST-00020876	wgMLST-00020877	wgMLST-00020878	wgMLST-00020879	wgMLST-00020880	wgMLST-00020882	wgMLST-00020886	wgMLST-00020888	wgMLST-00020889	wgMLST-00020892	wgMLST-00020893	wgMLST-00020894	wgMLST-00020896	wgMLST-00020897	wgMLST-00020898	wgMLST-00020899	wgMLST-00020900	wgMLST-00020901	wgMLST-00020902	wgMLST-00020903	wgMLST-00020904	wgMLST-00020905	wgMLST-00020906	wgMLST-00020907	wgMLST-00020908	wgMLST-00020909	wgMLST-00020911	wgMLST-00020913	wgMLST-00020915	wgMLST-00020916	wgMLST-00020918	wgMLST-00020919	wgMLST-00020920	wgMLST-00020921	wgMLST-00020923	wgMLST-00020924	wgMLST-00020925	wgMLST-00020927	wgMLST-00020928	wgMLST-00020929	wgMLST-00020930	wgMLST-00020931	wgMLST-00020932	wgMLST-00020934	wgMLST-00020935	wgMLST-00020936	wgMLST-00020938	wgMLST-00020939	wgMLST-00020941	wgMLST-00020942	wgMLST-00020945	wgMLST-00020947	wgMLST-00020949	wgMLST-00020950	wgMLST-00020952	wgMLST-00020953	wgMLST-00020959	wgMLST-00020960	wgMLST-00020961	wgMLST-00020963	wgMLST-00020964	wgMLST-00020968	wgMLST-00020969	wgMLST-00020970	wgMLST-00020971	wgMLST-00020972	wgMLST-00020974	wgMLST-00020976	wgMLST-00020979	wgMLST-00020980	wgMLST-00020981	wgMLST-00020982	wgMLST-00020983	wgMLST-00020985	wgMLST-00020986	wgMLST-00020987	wgMLST-00020988	wgMLST-00020990	wgMLST-00020991	wgMLST-00020993	wgMLST-00020996	wgMLST-00020997	wgMLST-00020998	wgMLST-00020999	wgMLST-00021000	wgMLST-00021002	wgMLST-00021006	wgMLST-00021007	wgMLST-00021008	wgMLST-00021009	wgMLST-00021010	wgMLST-00021012	wgMLST-00021013	wgMLST-00021014	wgMLST-00021015	wgMLST-00021016	wgMLST-00021017	wgMLST-00021020	wgMLST-00021021	wgMLST-00021022	wgMLST-00021024	wgMLST-00021025	wgMLST-00021026	wgMLST-00021027	wgMLST-00021028	wgMLST-00021029	wgMLST-00021030	wgMLST-00021031	wgMLST-00021032	wgMLST-00021033	wgMLST-00021036	wgMLST-00021037	wgMLST-00021040	wgMLST-00021042	wgMLST-00021043	wgMLST-00021044	wgMLST-00021045	wgMLST-00021046	wgMLST-00021047	wgMLST-00021050	wgMLST-00021051	wgMLST-00021057	wgMLST-00021058	wgMLST-00021059	wgMLST-00021060	wgMLST-00021062	wgMLST-00021063	wgMLST-00021064	wgMLST-00021065	wgMLST-00021066	wgMLST-00021067	wgMLST-00021068	wgMLST-00021069	wgMLST-00021070	wgMLST-00021071	wgMLST-00021072	wgMLST-00021073	wgMLST-00021074	wgMLST-00021075	wgMLST-00021076	wgMLST-00021077	wgMLST-00021078	wgMLST-00021079	wgMLST-00021081	wgMLST-00021082	wgMLST-00021083	wgMLST-00021084	wgMLST-00021085	wgMLST-00021086	wgMLST-00021087	wgMLST-00021088	wgMLST-00021089	wgMLST-00021090	wgMLST-00021091	wgMLST-00021092	wgMLST-00021093	wgMLST-00021094	wgMLST-00021095	wgMLST-00021096	wgMLST-00021097	wgMLST-00021100	wgMLST-00021101	wgMLST-00021102	wgMLST-00021103	wgMLST-00021104	wgMLST-00021105	wgMLST-00021106	wgMLST-00021107	wgMLST-00021108	wgMLST-00021109	wgMLST-00021110	wgMLST-00021111	wgMLST-00021112	wgMLST-00021114	wgMLST-00021115	wgMLST-00021116	wgMLST-00021117	wgMLST-00021118	wgMLST-00021119	wgMLST-00021120	wgMLST-00021121	wgMLST-00021122	wgMLST-00021125	wgMLST-00021127	wgMLST-00021138	wgMLST-00021139	wgMLST-00021140	wgMLST-00021141	wgMLST-00021142	wgMLST-00021145	wgMLST-00021146	wgMLST-00021147	wgMLST-00021148	wgMLST-00021149	wgMLST-00021150	wgMLST-00021151	wgMLST-00021154	wgMLST-00021155	wgMLST-00021156	wgMLST-00021157	wgMLST-00021162	wgMLST-00021163	wgMLST-00021167	wgMLST-00021169	wgMLST-00021170	wgMLST-00021172	wgMLST-00021173	wgMLST-00021174	wgMLST-00021175	wgMLST-00021176	wgMLST-00021178	wgMLST-00021180	wgMLST-00021181	wgMLST-00021183	wgMLST-00021184	wgMLST-00021186	wgMLST-00021187	wgMLST-00021190	wgMLST-00021191	wgMLST-00021192	wgMLST-00021193	wgMLST-00021195	wgMLST-00021196	wgMLST-00021197	wgMLST-00021199	wgMLST-00021200	wgMLST-00021201	wgMLST-00021202	wgMLST-00021203	wgMLST-00021204	wgMLST-00021205	wgMLST-00021212	wgMLST-00021213	wgMLST-00021214	wgMLST-00021216	wgMLST-00021218	wgMLST-00021219	wgMLST-00021220	wgMLST-00021221	wgMLST-00021222	wgMLST-00021223	wgMLST-00021227	wgMLST-00021233	wgMLST-00021234	wgMLST-00021235	wgMLST-00021236	wgMLST-00021237	wgMLST-00021238	wgMLST-00021239	wgMLST-00021240	wgMLST-00021242	wgMLST-00021246	wgMLST-00021247	wgMLST-00021248	wgMLST-00021249	wgMLST-00021250	wgMLST-00021253	wgMLST-00021254	wgMLST-00021255	wgMLST-00021259	wgMLST-00021260	wgMLST-00021261	wgMLST-00021263	wgMLST-00021264	wgMLST-00021265	wgMLST-00021267
DM001	134	418	41	1	107	488	259	484	308	404	234	277	452	285	276	559	258	282	297	156	261	170	113	109	124	241	506	180	273	175	229	269	231	118	246	570	57	182	70	413	479	131	246	185	259	374	145	590	258	320	100	153	288	159	321	74	227	459	346	225	223	208	327	287	221	312	448	171	227	352	47	308	362	168	236	123	756	398	489	245	300	338	143	400	235	277	152	379	333	133	81	219	290	253	272	292	126	244	116	252	318	185	292	151	291	189	218	216	75	405	79	205	249	65	108	20	44	231	182	271	260	92	390	186	151	137	248	348	263	211	365	105	340	396	84	297	471	196	202	197	313	148	391	348	243	226	196	394	378	253	335	71	154	278	276	4	322	23	205	99	92	97	182	117	312	464	218	107	294	214	319	129	227	107	84	239	386	40	277	349	102	221	182	278	306	125	7	248	189	258	271	274	247	141	1	221	203	277	172	288	154	462	44	234	230	142	146	150	107	360	224	1	159	195	424	229	180	355	1	405	70	57	188	46	270	12	207	142	203	282	132	107	253	174	24	218	17	219	30	94	119	181	133	329	278	192	106	115	59	1	1	65	119	362	94	2	148	257	68	21	118	1	160	94	386	183	1	156	198	133	158	1	626	99	261	159	58	165	143	103	221	291	1	180	396	410	154	139	569	33	283	109	356	331	95	96	247	208	201	151	144	429	229	164	258	354	130	361	206	195	49	367	302	58	131	221	608	418	176	341	48	316	423	258	380	287	235	451	347	312	180	284	383	294	147	250	443	368	203	501	174	393	441	165	324	260	333	154	218	328	257	253	278	215	177	163	392	1	438	346	464	146	188	199	60	149	330	58	217	176	152	173	267	456	267	154	208	297	172	498	56	225	248	226	320	253	188	111	254	170	94	143	187	361	212	152	250	317	134	308	183	304	180	163	98	105	298	337	217	129	304	78	100	59	155	118	188	297	331	172	327	314	272	268	381	362	555	153	107	220	193	28	326	156	302	300	207	117	183	328	506	438	160	377	129	147	367	261	191	386	153	307	155	191	475	8	275	423	244	300	115	146	109	231	200	118	195	283	369	20	121	268	52	397	407	599	229	173	356	375	334	349	466	326	272	310	281	320	210	30	243	331	204	324	360	356	356	339	146	108	434	338	425	55	355	271	399	467	243	432	249	300	248	99	655	94	260	213	203	228	246	171	270	492	420	181	312	424	250	472	170	459	173	271	282	233	222	216	591	345	290	340	329	281	396	358	213	336	150	293	133	258	248	193	304	212	298	317	467	278	194	94	123	377	325	195	206	262	341	298	394	308	458	315	385	220	395	704	221	149	102	247	251	100	112	301	281	154	305	405	186	240	103	352	156	256	268	238	143	486	415	409	218	249	175	24	251	177	131	400	323	446	323	311	395	100	118	220	188	256	294	324	230	206	294	353	320	143	554	201	263	355	629	213	386	464	212	313	215	246	208	287	441	27	353	196	304	432	188	358	159	349	367	438	316	193	173	262	330	319	329	143	166	334	156	283	1	170	301	250	363	286	2	280	372	345	366	207	142	422	186	24	169	281	111	213	128	125	97	270	259	255	182	76	62	635	184	149	206	5	5	113	98	155	81	107	70	75	82	51	102	71	82	131	72	148	34	44	87	62	197	282	358	62	374	186	154	131	91	100	115	71	86	3	86	4	62	53	30	48	30	65	143	269	196	387	281	263	360	425	332	353	214	314	133	203	168	414	543	430	287	313	50	240	42	217	325	291	324	355	300	213	183	304	210	250	181	177	312	294	194	242	230	239	222	220	392	84	307	139	134	322	314	238	419	258	175	253	166	534	494	418	167	259	154	178	348	163	229	267	299	240	200	114	229	326	297	335	94	185	188	335	166	144	134	168	98
DM002	134	418	41	1	107	488	259	484	308	404	234	277	452	285	276	559	258	282	297	156	261	170	113	109	124	241	506	180	273	175	229	269	231	118	246	570	57	182	70	413	479	131	246	185	259	374	145	590	258	320	100	153	288	159	321	74	227	459	346	225	223	208	327	287	221	312	448	171	227	352	47	308	362	168	236	123	756	399	489	245	300	338	143	400	235	277	152	379	333	133	81	219	290	253	272	292	126	244	116	252	318	185	292	151	291	189	218	216	75	405	79	205	249	65	108	20	44	231	182	271	260	92	390	186	151	137	248	348	263	211	365	105	340	396	84	297	472	196	202	197	313	148	391	348	243	226	196	394	378	253	335	71	154	278	276	4	322	353	205	99	92	97	182	117	312	464	218	107	294	214	319	129	227	107	84	239	386	40	277	349	102	221	182	278	306	125	7	248	189	258	271	274	247	141	1	221	203	277	172	288	154	462	44	234	230	143	146	150	107	360	224	1	159	195	424	229	180	355	1	405	70	57	188	46	270	12	207	142	203	282	132	107	253	174	24	218	17	219	30	94	119	181	133	329	278	192	106	115	59	1	1	65	119	362	94	2	148	257	68	21	118	1	160	94	386	183	1	156	198	133	158	1	626	99	261	159	58	165	143	103	221	291	1	180	396	410	154	139	569	33	283	109	356	331	95	96	247	208	201	151	144	429	229	164	258	354	130	361	206	195	49	367	302	58	131	221	608	418	176	341	48	316	423	258	380	287	235	451	347	312	180	284	383	294	147	250	443	368	203	502	174	393	441	165	324	260	333	154	218	328	257	253	278	215	177	163	392	1	438	346	464	146	188	199	60	149	330	58	217	176	152	173	267	456	267	154	208	297	172	498	56	225	248	226	320	253	188	111	254	170	94	143	187	361	212	152	250	317	134	308	183	304	180	163	98	105	298	337	217	129	304	78	100	59	155	118	188	297	331	172	327	314	272	268	381	362	555	153	107	220	193	28	326	156	302	300	207	117	183	328	506	438	160	377	129	147	367	261	191	386	153	307	155	191	475	8	275	423	244	300	115	146	109	231	200	118	195	283	369	20	121	268	52	397	407	599	229	173	356	375	334	349	466	326	272	310	281	320	210	30	243	331	204	324	360	356	356	339	146	108	434	338	425	55	355	271	399	467	243	432	249	300	248	99	655	94	260	213	203	228	246	171	270	492	420	181	312	424	250	472	170	459	173	271	282	233	222	216	591	345	290	340	329	281	396	358	213	336	150	293	133	258	248	193	304	212	298	317	467	278	194	94	123	377	325	195	206	262	341	298	394	308	458	315	385	220	395	704	221	149	102	247	251	100	112	301	281	154	305	405	186	240	103	353	156	256	268	238	143	486	415	409	218	249	175	24	251	177	131	400	323	446	323	311	395	100	118	220	188	256	294	324	230	206	294	353	320	143	554	201	263	355	629	213	386	464	212	313	215	246	208	287	441	27	353	196	304	432	188	358	159	349	367	438	316	193	173	262	330	319	329	143	166	334	156	283	1	170	301	250	363	286	2	280	372	345	366	207	142	422	186	24	169	281	111	213	128	125	97	270	259	255	182	76	62	635	184	149	206	5	5	113	98	155	81	107	70	75	82	51	102	71	82	131	72	148	34	44	87	62	197	282	358	62	374	186	154	131	91	100	115	71	86	3	86	4	62	53	30	48	30	65	143	269	196	387	281	263	360	425	332	353	214	314	133	203	168	414	543	430	287	313	50	240	42	217	325	291	324	355	300	213	183	304	210	250	181	177	312	294	194	242	230	239	222	220	392	84	307	139	134	322	314	238	419	258	175	253	166	534	495	418	167	259	154	178	348	163	229	267	299	240	200	114	229	326	297	335	94	185	188	335	166	144	134	168	98
DM034	20	41	1	10	18	489	6	13	129	405	235	6	453	1	26	560	216	76	120	25	23	26	25	15	109	10	12	2	274	87	230	119	10	16	199	571	139	156	10	412	480	2	6	4	260	375	51	591	39	321	2	21	13	23	4	3	199	460	347	7	224	12	137	288	19	313	186	5	6	353	7	309	76	169	237	95	757	400	490	456	7	32	9	5	36	129	33	44	36	21	16	4	48	254	41	293	15	5	2	253	319	6	5	64	3	6	219	217	220	5	16	5	197	21	50	14	1	122	60	34	6	12	1	2	23	68	33	349	131	177	366	6	341	109	3	2	473	3	203	5	76	29	392	66	109	2	197	395	379	81	336	1	155	27	277	4	7	45	206	18	14	1	183	3	34	184	27	1	30	215	2	31	28	14	2	240	50	7	28	153	32	7	87	144	27	20	4	249	11	10	272	53	248	6	22	30	4	14	29	7	2	2	225	53	52	144	22	66	1	35	23	127	5	24	46	26	2	14	2	406	17	7	7	1	271	2	16	1	93	41	2	204	315	175	5	15	91	220	2	14	15	4	134	34	279	193	3	1	4	130	4	32	1	29	2	2	2	217	18	1	3	2	2	8	387	184	6	3	8	66	5	367	237	16	262	31	3	2	2	7	33	93	3	45	10	74	11	52	222	2	284	176	357	7	2	196	29	24	202	2	6	72	230	38	40	355	35	362	57	4	198	6	61	4	2	222	8	90	351	12	17	128	424	259	84	288	7	452	108	313	2	99	44	295	2	2	52	369	204	192	4	120	10	1	325	93	269	39	32	329	1	254	279	6	3	164	56	28	89	347	465	29	158	12	5	24	331	5	33	75	6	9	268	457	268	5	3	10	140	499	2	27	56	30	321	6	21	19	255	171	5	21	188	362	7	25	30	318	135	5	67	72	7	164	309	106	69	140	6	4	27	375	26	24	75	6	2	39	332	26	1	315	44	256	382	363	556	20	15	268	194	2	327	63	17	37	2	51	27	329	39	439	66	378	4	6	70	262	24	6	154	7	4	192	476	30	38	424	245	58	4	23	20	84	7	5	7	284	370	3	16	2	83	115	408	600	4	28	39	376	335	275	467	117	40	10	242	321	6	19	49	32	96	325	361	37	50	31	20	22	435	155	426	1	356	9	170	7	244	168	9	372	3	17	656	1	2	5	7	6	7	29	271	493	68	59	313	28	87	323	5	460	38	49	36	2	155	51	592	346	120	341	330	282	227	359	214	80	26	34	15	89	27	5	305	32	299	318	468	2	5	6	211	7	133	10	22	7	13	299	7	127	14	34	386	48	391	705	71	7	7	7	134	6	29	302	81	30	68	46	5	32	30	354	5	6	227	6	44	14	416	13	28	31	152	19	17	17	132	401	324	65	73	46	57	4	3	25	6	257	295	325	40	207	295	354	321	66	301	5	264	150	630	214	387	52	7	72	28	98	209	140	442	2	11	6	117	7	189	13	2	350	368	439	126	194	174	9	121	10	324	112	22	4	11	109	37	5	302	251	364	27	1	281	121	2	367	10	65	423	24	64	2	31	32	6	28	126	2	271	61	6	5	3	13	636	71	24	68	6	16	6	19	20	12	19	4	3	6	2	84	3	1	132	2	13	10	45	19	1	42	3	110	2	84	1	62	5	6	20	116	2	2	3	3	4	14	3	1	1	4	1	6	260	15	163	116	228	129	426	268	354	95	315	5	204	90	344	118	431	288	123	251	25	2	94	100	9	49	356	16	12	4	305	211	251	7	178	185	295	27	75	7	28	5	10	63	38	308	62	21	138	29	1	168	8	120	29	61	535	1	419	21	54	1	22	48	34	7	66	34	56	201	21	230	327	127	336	17	1	26	39	6	5	41	169	25
DM025	7	141	1	4	18	17	4	74	6	66	29	37	6	1	26	89	3	2	5	4	21	6	25	4	3	5	12	4	10	5	1	6	28	3	1	34	20	2	9	414	7	2	6	2	5	3	5	5	6	5	5	2	16	1	60	3	32	461	27	14	2	12	6	2	1	1	15	6	4	32	12	310	5	22	51	23	758	6	491	69	6	168	1	2	6	278	2	2	4	22	5	5	5	6	6	33	5	1	4	4	6	4	8	1	292	25	42	15	6	38	5	6	15	4	3	23	1	6	183	5	4	3	6	6	6	4	10	57	44	12	13	5	62	50	1	5	78	5	5	5	6	9	7	36	6	8	5	396	6	43	6	2	2	5	29	4	7	354	34	4	6	1	22	50	6	66	39	1	4	38	2	5	42	1	2	30	6	14	278	46	8	2	183	45	6	2	2	250	38	2	27	275	5	3	3	30	55	53	5	289	4	463	226	2	6	29	2	3	1	65	3	2	160	35	12	4	31	8	5	67	1	6	4	1	3	2	23	5	43	7	4	5	41	176	124	219	4	36	2	1	5	1	2	7	3	6	3	1	9	3	93	5	180	4	4	2	6	6	3	1	2	5	2	7	19	22	7	5	7	4	26	57	254	6	6	3	3	4	4	5	3	7	3	160	2	11	10	140	140	2	2	26	64	162	2	28	248	29	4	26	6	2	40	2	3	9	2	111	3	4	5	6	6	2	2	93	7	419	352	3	3	5	19	6	40	6	1	42	30	86	181	7	14	296	7	7	75	45	5	5	4	45	10	5	14	6	6	5	2	29	1	24	5	43	3	1	56	28	6	20	18	6	12	37	3	1	4	3	29	25	4	6	5	458	90	2	8	20	7	58	2	27	6	6	105	13	1	2	2	3	4	3	4	16	39	2	2	58	135	87	25	36	6	6	1	5	2	7	10	2	11	61	1	1	4	4	24	5	56	5	5	4	273	7	12	3	6	7	5	2	1	46	58	14	17	5	2	18	184	6	507	33	9	5	3	6	7	5	1	2	9	15	21	30	31	2	276	76	6	46	5	5	5	35	4	2	6	55	10	1	5	5	47	398	409	601	4	11	357	4	18	3	10	327	28	10	43	6	2	3	3	3	4	3	99	4	50	6	3	4	5	7	31	2	2	158	400	19	31	6	1	373	3	4	104	1	4	5	6	2	12	2	5	53	421	6	5	28	1	6	4	77	38	49	5	3	4	6	178	6	9	6	6	6	50	5	2	46	9	32	5	5	4	5	5	5	33	3	6	4	5	7	211	6	103	28	6	6	13	47	395	6	76	6	387	12	34	706	40	6	21	6	1	6	2	50	48	155	44	15	5	6	30	109	1	257	39	4	141	25	23	37	5	250	4	1	4	4	133	67	53	126	6	2	6	1	2	30	5	18	43	6	44	6	43	25	83	4	164	5	6	56	177	38	64	52	12	58	39	27	4	30	64	8	354	68	13	7	6	359	26	6	62	6	317	6	6	5	331	48	330	17	5	4	2	45	37	5	13	9	8	1	2	3	33	2	64	10	5	7	24	5	2	92	2	4	3	2	4	2	3	12	35	1	2	637	19	5	40	5	36	114	1	4	1	1	2	1	3	2	3	4	2	11	3	5	2	2	6	1	3	3	16	2	41	2	2	1	5	1	13	1	5	2	3	5	13	2	1	4	3	1	29	48	9	6	6	4	361	220	333	44	5	34	5	5	6	123	46	2	4	2	252	3	1	6	1	15	40	29	6	6	4	6	4	34	5	11	6	5	6	4	5	3	1	14	393	38	12	27	1	39	4	1	69	8	28	7	5	50	496	68	5	4	155	6	6	6	6	15	6	14	4	26	5	5	37	36	2	14	1	45	7	5	6	3	2
DM026	20	419	1	10	5	489	6	13	129	48	235	6	25	286	277	560	216	76	120	25	23	26	25	15	109	10	64	1	274	87	230	119	10	16	199	571	6	156	10	412	480	2	1	4	260	375	51	592	39	321	2	21	13	23	4	17	199	460	348	6	224	12	137	288	19	313	186	5	6	353	7	309	76	12	237	95	757	400	10	456	7	32	9	5	36	129	33	44	36	21	16	8	48	34	41	293	15	5	2	253	319	6	5	64	3	6	219	217	36	34	16	34	197	21	50	14	1	122	60	34	6	12	1	2	23	68	33	349	131	177	366	6	342	109	3	2	474	3	203	5	76	29	392	66	109	2	197	116	379	81	336	1	155	27	277	4	7	45	206	18	14	1	183	3	34	184	27	1	30	215	2	31	28	14	2	240	387	7	28	153	40	7	87	144	12	20	4	249	11	10	272	276	33	7	22	30	4	14	29	7	2	15	227	53	52	144	22	66	1	35	23	127	161	24	10	26	2	14	4	406	17	7	7	1	271	2	16	1	93	41	2	204	17	175	5	15	91	220	2	14	15	4	134	34	279	193	3	1	4	44	4	32	1	29	2	2	2	217	18	1	3	2	2	8	388	184	6	3	8	66	5	368	237	16	262	31	3	2	2	7	33	93	3	45	146	411	8	52	222	2	284	176	358	19	2	196	29	24	202	2	6	72	230	38	40	20	35	362	57	196	32	368	61	4	2	222	8	90	351	12	17	128	424	259	84	288	7	452	281	313	181	99	42	297	2	2	52	370	204	192	4	120	10	1	326	93	269	39	32	329	1	254	279	6	3	164	393	28	89	347	465	29	158	12	5	24	331	5	33	75	6	9	56	457	268	5	3	10	140	499	2	27	56	30	321	6	21	19	255	7	5	21	188	362	7	25	30	318	135	5	67	72	7	164	309	106	69	140	6	4	27	375	26	24	75	6	2	39	332	26	1	315	44	256	382	363	556	20	15	268	194	2	327	63	17	37	2	51	27	329	39	439	66	378	4	6	70	262	24	6	9	7	4	192	476	30	38	424	245	58	4	23	20	84	7	5	7	284	370	3	16	2	83	130	76	600	4	28	39	376	335	275	468	328	40	10	242	321	6	19	49	32	96	325	362	37	50	31	20	22	435	155	427	1	2	6	170	7	244	168	9	18	5	17	656	20	2	5	7	229	7	29	271	494	422	59	313	28	87	323	5	460	38	49	36	2	155	51	593	346	120	341	330	282	227	359	214	80	26	34	15	89	27	5	305	32	299	318	6	2	5	6	150	7	133	10	6	7	67	299	7	127	14	34	386	48	391	705	71	7	7	7	134	6	29	302	81	30	68	46	5	32	1	354	5	6	227	6	44	14	416	13	28	31	152	19	17	17	132	401	324	65	73	46	57	4	1	25	6	257	296	36	40	207	295	355	321	66	301	5	219	356	631	214	387	465	7	72	28	98	209	140	442	2	11	6	117	9	189	1	2	350	368	439	126	194	174	9	121	15	324	112	22	248	11	109	5	5	302	252	364	27	1	281	121	229	367	6	65	424	24	64	2	31	32	6	28	126	2	5	61	6	5	3	13	638	71	24	68	6	16	6	19	20	12	19	4	3	6	2	84	3	1	132	2	13	10	45	19	1	42	3	110	2	84	1	62	5	6	20	116	2	2	3	3	4	14	3	1	1	4	1	24	260	15	163	116	228	129	426	268	354	95	27	5	204	90	344	118	431	1	123	251	25	2	94	100	9	49	356	38	12	132	305	211	251	7	178	185	295	27	75	7	28	5	10	394	38	308	62	21	138	24	1	168	33	120	27	61	535	497	419	21	54	1	22	48	34	7	66	34	56	201	21	230	327	127	336	17	1	26	39	6	14	41	169	25
DM027	5	418	41	29	3	490	260	485	309	406	236	278	454	285	278	561	259	283	297	156	261	170	114	110	125	242	507	181	275	176	231	269	232	119	247	572	352	182	70	415	481	132	247	186	259	376	145	593	259	322	100	154	289	159	322	74	227	462	349	225	225	209	328	289	221	312	449	172	228	354	47	311	363	168	238	4	759	401	492	245	301	339	143	401	235	279	153	380	334	134	82	219	291	255	272	292	127	245	116	254	318	186	96	151	293	189	218	218	336	406	80	206	250	65	109	115	44	232	184	272	260	92	391	186	151	138	248	350	263	211	367	105	343	397	84	297	475	196	202	197	313	148	393	349	243	226	198	397	380	254	335	71	2	279	278	95	323	355	205	100	92	97	182	156	313	465	219	107	295	216	320	130	227	107	84	5	388	40	279	350	295	222	182	279	307	126	7	251	190	259	273	274	249	142	1	222	203	277	173	16	155	464	1	235	231	142	147	151	107	361	9	128	162	196	60	230	180	356	1	318	71	57	188	47	270	12	208	142	44	283	133	205	316	174	79	220	17	221	30	95	120	182	133	330	278	192	106	115	59	131	1	65	119	363	95	2	148	258	68	22	118	1	160	94	389	107	1	157	199	134	158	369	627	100	263	160	58	166	144	103	56	292	1	413	397	412	154	139	570	34	285	305	359	332	95	388	247	209	203	152	144	335	231	165	259	356	339	363	207	197	49	367	302	102	131	195	608	420	271	342	48	317	425	260	380	289	236	453	348	314	180	285	384	298	148	251	444	368	205	503	175	394	442	165	327	261	334	155	218	330	257	255	144	215	178	165	394	330	439	348	466	146	188	200	60	150	330	58	217	177	153	173	269	459	269	154	209	298	172	500	56	226	248	226	322	254	188	111	256	172	95	144	189	361	213	152	251	319	134	308	184	305	181	163	98	107	299	338	217	129	304	292	158	59	155	118	189	298	331	172	328	316	274	269	383	364	557	154	107	269	195	233	156	156	303	301	207	117	183	330	508	440	160	379	130	147	368	263	192	387	155	307	155	193	477	175	277	425	246	300	116	146	110	231	200	119	196	285	371	20	122	269	52	399	410	599	230	174	358	377	336	349	469	326	273	310	141	322	211	80	243	231	205	326	363	357	357	340	147	108	436	339	428	56	355	272	401	468	245	433	249	374	248	100	657	95	261	214	204	228	247	171	272	495	423	181	312	425	251	473	171	461	173	271	283	233	223	217	594	347	291	342	331	283	397	360	213	337	150	294	134	259	249	194	304	213	300	317	469	279	195	25	212	378	326	196	207	263	342	300	396	309	459	316	388	221	396	707	37	149	102	248	252	100	112	303	282	154	306	49	187	241	103	355	157	258	268	238	143	486	417	410	218	251	176	24	252	178	131	402	325	447	323	312	396	101	118	221	189	258	297	326	231	208	296	356	322	144	555	202	265	357	632	213	386	466	212	314	216	246	210	288	443	367	355	197	1	433	188	360	160	351	369	440	318	195	175	262	332	320	331	143	166	335	156	284	63	171	303	253	365	287	2	280	373	346	368	207	142	425	187	24	169	282	270	213	128	125	3	272	260	256	183	76	62	639	184	149	207	5	165	113	98	156	81	107	70	75	83	52	103	71	82	131	72	149	34	46	87	62	198	283	359	62	374	186	154	132	91	100	117	71	86	3	86	53	62	53	30	49	51	65	144	270	197	388	282	264	362	427	334	355	214	316	134	203	169	415	544	432	287	314	50	14	42	115	326	292	325	357	301	213	183	306	212	252	182	179	313	296	195	242	231	240	223	221	90	84	307	139	134	322	315	239	420	259	176	254	166	536	494	420	168	259	42	178	349	163	229	268	300	240	202	114	229	326	297	335	95	186	189	336	167	144	135	168	99
DM028	134	418	41	1	107	491	261	484	308	407	234	277	452	285	276	562	258	282	297	156	261	170	113	109	124	241	507	180	273	175	229	269	231	118	246	570	57	182	71	416	479	131	246	185	259	374	145	590	258	320	100	153	288	159	321	74	227	459	346	225	223	208	327	287	221	312	450	171	227	352	47	308	362	168	239	123	759	398	493	457	300	338	144	402	235	277	152	379	333	133	81	219	290	253	272	292	126	244	116	252	318	185	292	151	291	189	218	216	75	405	79	207	249	65	108	20	44	231	182	271	260	92	390	186	151	137	248	348	263	211	365	105	344	396	84	297	471	197	202	197	313	148	391	348	243	226	196	398	378	253	335	71	154	278	276	4	322	23	205	99	92	97	182	117	312	466	218	107	294	217	319	129	227	107	84	239	386	40	277	349	102	221	182	278	306	125	7	248	189	258	271	274	247	143	1	221	203	277	172	288	155	465	44	234	230	142	146	150	107	360	224	2	159	195	424	229	180	355	1	405	70	57	188	46	270	12	207	142	203	282	132	107	253	174	24	218	17	219	30	94	119	181	133	329	278	192	106	115	59	1	1	65	181	362	94	2	148	257	68	21	118	1	160	94	390	183	1	156	198	133	158	1	626	99	261	159	58	165	143	103	221	291	1	180	396	413	154	139	569	33	283	109	356	331	95	96	247	208	201	151	144	429	229	164	258	354	130	361	207	195	49	367	302	58	131	221	608	418	176	341	48	316	423	258	380	287	235	451	347	315	180	284	385	294	147	250	443	368	206	501	174	395	441	165	327	260	333	154	218	328	257	253	278	215	177	163	392	1	438	346	464	146	189	199	60	149	330	58	217	176	153	173	267	456	267	154	208	297	172	498	56	225	248	226	320	253	188	111	254	173	94	143	187	361	212	152	250	317	134	308	183	304	180	163	98	105	298	337	217	129	304	78	100	59	155	118	188	297	333	172	327	314	275	268	381	362	555	153	107	220	196	28	326	156	302	300	207	117	183	328	506	438	160	377	129	147	367	261	191	386	153	308	155	191	475	8	275	423	244	300	115	146	109	231	200	120	195	283	369	20	121	268	197	400	407	599	229	173	356	375	334	349	470	326	272	310	281	320	210	80	243	253	204	324	360	356	356	339	146	108	434	338	429	55	357	272	399	467	243	432	249	300	248	99	655	94	260	215	203	228	246	171	270	492	424	181	312	424	252	472	170	459	173	271	282	233	222	216	594	348	290	340	329	281	396	358	213	336	150	293	133	258	248	193	304	212	298	317	470	280	194	94	123	377	325	195	206	262	341	298	394	308	458	315	385	220	395	704	221	149	102	247	251	100	112	301	281	154	305	405	186	240	103	353	156	256	268	238	143	487	415	409	218	249	175	24	253	177	131	400	323	448	323	311	395	100	118	220	188	256	298	324	230	206	294	357	323	143	554	201	263	355	633	213	386	464	212	313	215	246	208	287	441	368	15	196	304	432	188	358	159	349	370	441	316	193	173	262	330	319	329	143	166	334	156	283	1	170	303	250	363	286	2	280	374	345	366	208	142	422	188	24	169	281	111	213	128	125	97	270	259	255	182	76	62	635	184	149	206	5	5	113	98	155	81	107	70	75	82	51	102	71	82	131	72	148	34	44	87	62	197	282	358	62	374	186	154	131	91	100	115	71	86	3	86	4	62	53	30	48	30	65	144	269	196	387	281	263	360	425	332	353	214	314	133	203	168	414	543	430	287	313	50	240	42	217	325	291	324	355	300	213	183	304	210	250	181	177	312	297	194	242	230	239	222	220	392	84	307	139	134	322	314	238	419	260	175	253	166	537	494	421	169	259	154	178	350	163	229	267	299	240	203	114	229	326	297	337	95	185	188	335	166	144	134	168	98
DM043	135	418	41	29	18	492	261	486	310	408	237	279	455	287	279	563	260	282	298	156	262	171	115	109	126	241	508	181	276	177	229	270	233	120	246	573	57	182	70	417	482	131	248	186	259	377	145	594	260	323	100	153	288	159	323	75	227	463	350	225	30	210	327	290	221	312	451	172	227	354	47	312	362	168	239	124	759	398	494	245	302	340	143	403	236	280	152	379	335	134	82	220	292	256	272	292	128	244	117	255	320	186	96	151	294	190	220	216	337	407	80	208	251	65	108	116	45	233	182	272	260	92	392	186	151	137	248	351	144	212	368	105	345	398	84	298	476	198	202	197	313	148	394	350	244	226	199	394	381	254	337	71	154	280	279	96	324	356	205	100	92	98	182	117	313	466	220	107	296	217	321	131	227	107	84	241	388	258	280	349	296	223	184	280	308	127	7	252	190	260	274	274	250	23	1	222	203	277	173	290	155	462	1	236	230	142	148	151	107	362	225	129	163	197	167	231	181	357	1	407	72	57	188	46	270	12	207	143	204	284	134	154	317	177	125	220	6	219	30	94	119	181	133	331	280	194	106	115	59	43	1	239	181	364	96	2	148	259	68	21	118	1	161	94	391	107	233	1	199	134	159	370	628	100	264	159	58	165	144	103	56	293	1	517	398	414	154	139	571	33	14	400	360	333	96	96	249	208	204	151	144	429	232	164	260	357	130	361	207	197	49	369	302	103	297	223	608	421	353	341	48	318	426	261	380	287	237	454	349	316	182	284	386	299	147	252	445	371	206	504	176	396	443	166	328	261	335	156	218	331	257	255	280	215	177	166	395	1	440	349	467	147	189	199	60	149	330	59	218	177	153	173	270	460	267	155	208	298	172	501	57	226	248	227	323	30	189	111	257	1	95	3	187	363	214	152	252	320	136	308	183	306	181	163	98	107	300	337	218	130	304	376	158	59	156	118	188	299	334	172	329	316	276	268	384	362	558	153	107	220	193	28	328	157	304	302	208	117	185	328	508	441	160	379	131	147	369	264	193	386	153	307	156	194	478	25	278	426	247	301	14	146	111	231	200	120	195	286	372	20	121	268	29	343	411	599	230	175	356	378	334	349	471	326	274	310	282	323	212	307	244	332	205	327	364	356	358	341	148	109	437	340	430	56	355	271	402	469	243	434	249	375	248	99	658	96	262	216	205	228	248	171	270	496	425	182	314	426	252	474	171	462	174	272	282	233	222	217	594	348	292	343	332	284	398	358	213	338	150	293	135	259	250	193	304	212	301	317	471	280	195	94	158	379	327	197	206	264	342	301	396	309	460	317	388	220	397	708	37	149	102	248	252	100	113	304	283	154	305	406	186	241	103	356	156	259	269	238	143	486	418	411	218	249	175	24	253	179	131	400	326	449	324	313	397	102	118	222	189	259	299	327	232	206	297	358	324	143	556	201	265	358	634	213	388	467	212	313	217	246	208	289	444	369	45	196	1	434	188	361	161	351	370	442	319	193	173	263	333	321	332	144	167	335	156	283	1	171	303	254	366	286	1	280	375	347	366	207	143	426	189	24	169	283	111	213	128	127	97	273	260	257	182	76	62	640	185	150	208	5	5	113	98	155	81	107	70	76	84	53	102	71	82	131	72	148	34	46	124	62	197	284	358	62	375	186	155	133	91	100	115	71	86	3	86	54	62	53	30	50	52	65	128	271	197	387	281	265	363	428	335	356	214	317	133	203	170	415	543	433	287	315	50	241	42	217	326	291	326	358	302	213	183	304	212	253	15	180	314	298	195	242	232	241	224	220	395	84	307	139	134	322	316	240	421	258	177	254	167	538	498	422	168	260	156	178	350	163	229	269	301	240	202	114	229	328	298	337	95	187	188	337	166	144	134	168	98
DM056	134	418	41	1	107	488	259	484	308	404	234	277	452	285	276	559	258	282	297	156	261	170	113	109	124	241	506	180	273	175	229	269	231	118	246	570	57	182	70	413	479	131	247	185	259	374	145	590	258	320	100	153	288	159	321	74	227	459	346	225	223	211	327	287	221	312	452	171	227	352	47	308	362	168	236	123	759	398	489	245	300	338	143	400	235	277	152	379	333	133	81	219	290	253	272	292	126	244	116	252	318	185	292	151	291	189	218	216	75	405	79	205	249	65	108	20	44	231	182	271	260	92	393	187	151	137	248	348	263	211	365	105	340	396	84	297	471	196	202	197	314	148	391	348	245	226	196	394	378	253	335	71	154	278	276	4	322	23	205	99	92	97	182	117	312	464	218	107	294	214	319	129	227	107	84	239	386	259	277	349	102	221	182	278	306	125	7	248	189	258	271	274	247	141	1	221	203	277	172	288	154	462	44	234	230	142	146	150	107	360	224	130	159	195	424	229	180	358	1	405	70	57	188	46	270	12	207	142	203	282	132	107	253	174	24	218	17	219	30	94	119	181	133	329	278	192	106	115	59	1	1	65	119	362	94	2	148	257	68	21	118	1	160	94	392	183	1	156	198	133	160	371	626	99	261	159	58	165	143	103	221	291	1	180	396	410	154	139	569	33	283	109	356	331	95	96	247	208	201	151	144	429	229	164	258	354	130	361	206	195	49	367	302	58	298	221	608	418	176	341	48	316	423	262	380	287	235	455	347	312	180	284	383	294	147	250	443	368	203	501	174	393	441	165	324	260	333	154	218	328	257	253	281	215	177	163	392	1	438	346	464	146	188	199	60	149	330	58	217	176	152	173	270	456	267	154	208	297	172	498	56	225	248	227	12	253	188	111	256	170	94	143	187	361	212	152	250	321	134	308	183	304	180	163	98	105	298	337	217	129	304	78	100	59	155	118	188	300	331	172	327	314	272	269	381	362	555	153	107	220	193	28	326	156	302	300	207	117	185	328	506	438	160	377	129	147	367	261	191	386	153	307	155	191	475	8	275	423	244	300	115	146	109	231	200	118	195	283	369	20	121	268	52	397	412	599	229	173	356	375	334	349	466	326	275	310	281	320	210	80	243	253	205	324	182	356	356	339	146	108	434	338	431	55	355	271	399	467	243	432	249	376	248	99	655	94	260	213	203	228	246	171	270	492	420	181	312	424	250	472	171	459	173	273	282	233	222	216	591	345	290	340	329	285	396	358	213	336	150	293	133	258	248	193	304	212	298	317	467	278	194	94	123	377	325	195	206	262	341	298	394	308	461	315	389	220	398	709	221	150	102	248	252	100	112	301	281	154	305	230	186	240	103	353	156	256	268	238	143	486	415	409	218	249	175	24	251	177	131	400	323	446	323	311	395	100	118	220	188	256	294	324	230	206	298	353	320	143	554	201	263	355	629	213	386	464	212	313	215	246	208	287	441	368	15	196	304	432	188	358	159	349	367	438	316	196	173	262	330	319	329	143	166	334	156	283	1	170	303	250	363	286	2	280	372	345	366	207	142	422	186	24	169	281	111	213	128	125	97	270	259	255	182	76	62	635	184	149	206	5	5	113	98	155	81	107	70	75	82	51	103	71	82	131	72	148	34	44	87	62	197	282	358	62	374	186	154	131	91	100	115	71	86	3	86	4	62	53	30	48	30	65	143	269	196	387	281	263	360	425	332	353	214	314	133	203	168	414	545	430	287	313	50	240	42	217	325	291	324	359	300	213	183	304	210	250	181	177	312	294	194	242	230	239	222	220	392	84	307	139	134	322	314	238	419	258	175	253	166	534	494	418	167	259	154	178	348	163	229	267	302	240	200	114	229	326	297	335	94	185	188	335	166	144	134	168	98
DM012	136	420	41	1	108	493	261	487	311	409	238	278	456	285	280	561	259	282	299	156	261	170	114	109	127	241	509	181	277	176	229	269	232	121	246	574	57	183	70	418	483	133	247	186	259	378	145	595	261	320	100	154	289	159	324	76	227	464	351	226	226	212	329	291	221	314	453	172	227	354	47	313	364	168	240	123	760	402	495	245	300	339	145	404	237	281	152	379	336	135	81	219	293	257	273	292	126	246	116	256	321	187	293	152	295	190	218	219	338	408	81	209	251	65	110	20	45	233	185	273	260	92	394	186	152	137	249	350	264	211	369	105	345	399	84	299	477	199	204	197	313	148	394	351	243	226	200	394	381	255	335	71	1	280	280	4	322	136	205	99	92	97	184	117	313	467	218	107	295	216	319	130	228	108	84	242	389	40	281	349	297	224	185	279	309	8	7	253	190	261	275	274	249	23	38	221	203	278	173	16	154	466	44	237	231	142	147	151	107	363	9	131	163	198	424	230	180	359	1	408	71	57	189	46	270	12	209	143	204	285	133	107	318	177	24	221	17	221	30	95	121	183	133	332	278	192	107	115	59	1	1	65	51	365	3	2	148	260	68	21	118	1	160	1	392	107	1	3	198	135	161	372	629	99	263	159	58	165	144	103	221	293	1	518	399	415	154	139	572	33	14	401	361	333	96	389	250	210	201	152	144	430	233	166	260	270	339	363	207	198	49	367	302	58	131	224	608	418	354	343	48	319	423	263	380	287	238	456	350	314	182	284	387	298	148	251	446	372	206	505	174	397	444	166	329	262	336	155	218	332	257	255	282	215	177	1	396	1	441	346	464	146	188	199	60	150	332	58	219	176	153	174	271	456	269	154	210	299	173	502	56	225	248	226	12	30	188	111	254	174	95	144	19	361	215	152	252	322	134	308	183	36	181	163	98	107	301	339	217	131	304	377	100	60	157	18	190	301	331	172	329	317	275	270	385	365	559	153	107	220	193	233	329	158	305	303	208	117	183	330	506	438	160	379	130	148	368	265	192	387	153	309	156	191	479	8	278	426	246	302	117	146	111	231	200	118	195	287	373	20	123	268	52	401	413	602	231	174	358	379	337	349	470	326	276	311	141	320	213	308	245	333	205	328	365	358	357	342	147	110	438	340	432	56	355	273	399	470	245	435	250	374	248	101	659	94	261	216	206	228	249	171	273	497	426	183	315	427	253	475	171	463	175	271	284	233	224	217	595	348	293	344	331	286	396	361	213	339	150	295	136	258	249	194	304	212	302	76	467	281	196	9	212	377	326	198	208	264	343	302	397	310	462	316	388	221	399	710	37	149	102	248	253	100	84	301	284	154	305	308	186	242	103	357	158	256	268	238	143	486	419	411	218	251	176	24	254	178	131	402	325	446	323	314	398	103	118	223	189	258	299	328	233	209	299	359	325	143	557	201	266	359	635	213	389	468	212	313	216	246	208	290	445	8	354	198	304	435	188	362	159	351	371	443	320	193	176	262	334	322	331	144	166	335	156	285	63	171	303	254	367	288	2	280	376	346	369	208	142	427	188	180	170	283	111	213	128	128	98	273	260	257	182	76	62	641	186	151	206	5	5	113	99	157	82	107	70	75	84	52	103	71	82	133	72	148	34	44	125	63	197	285	360	62	376	186	156	133	92	101	1	72	87	3	10	54	62	53	31	48	30	66	144	272	197	389	282	264	360	425	336	357	214	317	133	203	169	415	546	434	287	316	50	242	42	218	327	291	327	360	303	214	183	307	212	254	183	180	313	299	196	242	233	242	223	220	396	85	309	139	135	322	317	241	422	261	175	253	166	537	499	423	169	261	156	178	348	163	230	268	303	240	202	114	229	328	299	338	94	188	188	338	167	145	134	168	100
DM056	20	141	1	6	2	44	4	74	129	405	29	37	457	5	26	564	3	2	5	4	29	11	25	1	1	5	2	4	10	3	1	6	234	7	199	571	113	2	11	419	7	2	6	2	5	3	3	596	6	5	31	2	19	23	325	37	32	6	352	109	2	12	44	288	1	1	454	6	1	5	12	55	5	5	51	5	26	6	496	69	5	341	9	2	6	5	2	2	4	5	3	89	5	254	6	4	13	1	2	257	6	4	8	1	3	25	42	220	220	5	5	5	252	7	79	23	46	2	5	34	4	3	6	6	6	4	10	352	44	12	13	5	341	50	1	5	478	5	5	5	6	9	58	37	6	8	23	8	6	43	6	2	1	5	6	4	7	357	34	4	6	20	33	1	314	104	39	1	83	38	2	5	229	1	1	1	50	7	38	46	298	8	19	281	310	20	2	3	38	46	12	53	248	6	22	54	204	279	29	79	2	1	8	2	6	29	2	52	5	364	2	5	164	35	75	4	3	14	5	59	17	6	4	1	272	5	1	1	2	8	2	206	319	8	4	10	3	220	2	1	1	1	2	7	3	6	3	2	9	130	94	7	32	1	2	2	6	6	3	1	6	2	2	7	9	7	7	3	7	4	26	368	630	2	6	3	3	4	30	5	33	7	3	67	39	416	8	28	11	2	2	8	362	334	2	390	8	29	4	26	6	58	234	2	3	358	70	364	3	4	198	6	6	1	6	133	7	422	355	3	28	128	19	6	40	48	32	457	108	6	4	7	250	7	6	42	52	14	29	5	4	45	16	5	8	6	6	1	2	48	1	46	5	43	3	21	2	331	37	20	18	6	6	37	5	1	4	5	39	25	4	37	5	461	41	2	8	23	7	58	2	27	6	6	2	13	3	2	2	171	4	21	4	16	39	2	2	58	8	35	1	18	6	6	35	5	2	140	219	4	6	6	26	1	4	4	3	5	56	5	5	318	277	7	382	366	453	155	15	270	1	234	58	3	17	5	2	18	5	6	3	3	5	5	6	7	7	5	1	2	4	48	4	5	480	2	7	72	6	303	4	5	3	35	4	2	28	2	374	1	3	5	47	11	76	603	232	41	8	4	18	275	8	56	28	10	2	6	2	56	246	334	4	3	366	4	75	6	3	4	439	7	8	13	358	9	29	471	31	436	1	50	50	4	660	1	4	5	207	2	96	2	5	498	427	6	5	65	87	323	4	464	38	49	5	117	4	6	2	6	36	6	6	6	50	5	2	13	9	34	5	5	4	24	5	32	33	6	472	4	36	8	3	6	328	28	6	6	13	47	6	311	463	318	6	222	17	705	1	6	21	249	1	6	2	50	48	30	38	46	5	6	1	52	1	6	39	4	4	488	420	65	5	4	4	1	24	4	1	67	53	65	6	2	57	1	2	5	36	18	127	329	86	210	34	8	326	4	558	203	6	360	11	38	64	77	12	58	33	27	4	1	69	41	2	54	13	7	190	2	26	6	372	6	9	6	177	5	6	6	324	3	22	4	2	286	37	27	2	255	102	1	21	19	33	2	64	10	5	7	24	5	2	284	5	4	3	2	2	2	3	12	35	1	2	642	19	5	40	5	36	5	1	4	1	1	11	8	3	54	5	4	2	3	3	150	2	2	1	1	199	3	6	2	377	11	157	4	5	20	13	1	13	2	87	5	13	2	1	1	9	1	6	273	4	390	30	4	129	426	5	50	5	34	5	6	5	123	46	2	4	2	6	2	1	13	1	1	328	361	15	5	4	6	4	5	5	11	6	5	23	4	5	3	1	14	397	11	19	27	1	12	4	5	69	33	28	7	5	80	8	68	5	4	1	6	48	6	6	15	6	14	4	26	5	103	37	36	2	5	1	3	43	5	6	3	2
DM005	136	418	41	1	25	494	262	488	312	410	238	280	456	285	281	565	259	282	299	156	263	170	114	109	127	242	510	181	278	176	229	271	235	120	247	574	100	184	70	416	484	134	246	186	259	379	145	593	221	320	100	154	289	160	322	77	227	465	353	225	226	213	330	292	221	315	455	172	227	355	47	314	365	168	236	123	759	403	497	245	303	339	146	405	235	282	152	381	336	135	81	219	293	258	272	292	129	246	116	258	322	188	96	153	296	189	218	221	339	409	80	210	250	65	108	117	45	234	185	273	261	93	395	186	153	137	250	350	264	211	370	106	346	399	84	299	479	199	202	197	313	148	394	352	245	226	201	394	380	256	335	71	1	281	280	96	324	358	205	99	92	97	182	117	313	468	218	107	294	216	322	130	227	107	84	243	390	260	282	351	299	224	182	282	309	128	7	253	190	259	274	274	249	23	1	221	203	278	173	70	156	462	24	236	230	145	147	151	107	363	9	132	163	198	425	232	180	360	1	409	71	57	188	46	270	12	207	142	204	286	133	207	320	174	24	222	17	221	30	95	122	184	133	333	278	192	107	115	59	1	1	65	51	363	97	2	149	260	68	21	119	1	160	1	386	107	1	123	199	135	160	370	631	99	265	159	58	166	144	103	221	294	29	519	400	417	154	139	573	34	14	402	363	335	96	391	251	211	205	152	145	431	229	165	260	359	340	363	208	197	49	367	303	102	63	224	608	6	356	344	48	319	426	264	381	287	239	453	351	315	183	285	388	294	148	251	447	373	207	506	174	397	442	166	327	261	337	155	218	182	257	256	282	215	177	165	397	332	442	349	468	146	190	199	60	151	332	58	220	177	153	173	271	456	270	154	209	300	172	502	56	226	249	228	12	255	190	111	256	1	95	1	190	363	213	152	252	321	134	308	185	36	181	163	98	107	302	340	217	131	305	378	100	60	158	118	188	302	335	172	330	316	275	269	381	364	557	156	107	271	193	233	330	157	306	303	207	117	183	330	509	211	161	380	132	147	368	261	192	388	153	308	155	191	479	8	278	425	247	302	2	147	110	231	200	118	196	288	375	20	124	269	52	402	410	604	229	176	358	380	337	350	472	329	276	312	141	320	213	309	243	335	205	329	367	356	359	342	147	109	438	340	433	56	359	271	403	8	245	437	251	374	248	100	661	94	263	217	204	230	250	171	273	499	428	183	316	428	251	476	172	465	173	271	285	234	222	217	594	348	294	345	331	285	399	362	213	340	150	296	135	259	251	194	304	212	303	319	473	281	196	9	123	380	329	198	206	263	341	301	396	312	464	316	390	221	400	711	222	150	102	248	252	100	84	303	282	154	305	407	187	243	103	358	156	260	270	238	143	489	421	412	218	252	175	24	253	180	131	403	327	450	323	312	399	100	118	223	189	258	300	330	234	208	299	357	327	144	559	201	267	359	632	213	390	466	212	314	216	246	208	291	446	100	15	197	10	436	188	361	162	351	373	444	321	197	176	262	335	323	333	145	166	335	156	287	244	171	304	254	363	288	4	280	376	346	369	207	142	428	190	181	169	285	111	213	129	128	99	274	259	257	182	76	62	643	186	152	206	5	5	113	100	157	81	107	70	75	84	55	103	71	82	134	72	148	34	46	87	62	198	286	360	62	378	187	154	132	93	102	29	73	86	3	88	53	62	53	30	50	30	65	143	274	198	391	282	264	364	429	332	358	214	318	135	203	171	415	547	435	287	316	50	243	42	219	328	293	327	362	304	214	183	308	212	255	183	180	313	300	195	243	234	239	223	220	398	85	307	139	134	323	314	241	423	261	178	253	167	537	494	424	169	259	157	178	349	164	229	268	302	240	202	114	229	326	300	339	95	189	188	339	166	145	134	168	98
DM006	134	418	41	1	107	488	259	489	313	404	234	277	456	285	276	559	258	282	297	156	264	170	113	109	124	241	508	180	279	175	232	269	231	118	246	575	57	182	70	418	485	131	246	186	259	374	145	590	258	320	100	153	290	159	321	74	227	459	351	225	223	208	331	291	221	312	449	171	227	352	47	308	362	168	236	123	759	398	494	245	300	338	143	406	235	277	152	379	333	135	81	219	290	257	274	292	126	244	1	252	318	185	292	151	5	189	218	216	75	405	80	205	249	65	108	116	45	231	182	271	260	92	390	186	151	137	248	348	263	211	365	105	88	396	84	297	471	196	202	197	315	148	391	348	243	226	196	394	378	253	335	71	154	282	276	4	322	23	207	99	92	97	182	117	312	464	218	107	294	214	319	129	227	107	84	239	386	40	277	349	300	225	182	1	309	125	7	248	189	258	276	274	249	141	1	221	203	277	172	288	154	466	44	236	230	142	146	152	107	360	224	1	159	195	167	229	180	361	1	405	70	57	188	46	270	12	207	143	203	286	132	107	321	174	24	218	17	219	30	94	119	185	133	329	278	192	106	115	59	1	1	65	10	362	94	2	148	261	68	21	118	1	160	94	386	183	1	156	198	133	158	373	632	99	263	159	58	165	143	103	221	291	1	180	396	418	154	139	569	33	283	109	356	336	95	96	247	212	201	153	144	429	229	164	258	360	130	361	206	195	49	367	302	58	131	225	609	423	176	342	48	316	427	258	380	287	238	451	347	312	180	285	389	294	147	250	443	368	203	507	175	393	441	165	324	262	333	155	218	328	257	253	278	216	177	163	392	1	438	348	464	146	188	199	61	151	330	58	217	176	152	173	267	456	267	154	208	297	172	498	56	225	248	226	320	253	188	111	254	175	94	143	187	361	212	152	250	317	134	308	183	304	180	163	98	105	298	337	217	131	304	78	100	60	158	118	188	303	336	172	331	314	276	271	381	362	555	153	107	220	193	28	326	156	302	304	207	117	183	328	506	438	160	377	129	147	367	261	192	386	153	307	155	191	481	8	275	427	246	300	115	146	112	232	200	118	195	283	369	20	121	268	198	397	414	599	229	174	359	375	334	351	466	326	272	310	281	320	210	80	243	253	204	324	360	356	356	339	146	108	438	338	425	55	355	273	399	467	245	434	249	300	248	99	662	94	260	216	203	228	246	171	270	500	429	181	312	424	254	472	170	459	173	271	282	233	222	216	591	345	290	346	331	281	399	362	213	336	150	293	136	258	248	193	304	212	298	17	467	278	194	6	123	377	325	195	206	262	341	298	394	309	465	315	385	221	399	287	221	149	102	247	251	100	112	301	281	154	307	49	186	240	103	359	159	256	268	238	143	486	419	413	218	252	175	24	251	177	131	404	328	446	323	315	400	100	118	220	188	256	299	326	230	206	294	353	320	143	554	201	263	355	636	213	386	469	212	313	215	246	208	287	441	368	15	196	304	432	188	358	159	349	367	438	316	193	178	262	336	319	334	143	166	334	156	283	1	170	305	254	363	286	2	280	372	345	366	209	142	427	188	181	169	281	111	213	128	125	100	270	259	258	182	76	62	644	186	149	206	5	5	113	98	155	81	107	70	75	82	51	102	71	82	131	72	148	34	44	87	62	197	282	358	62	374	186	154	131	91	101	115	71	86	3	86	4	63	53	30	48	30	65	143	269	196	387	281	263	360	425	332	353	214	317	133	203	168	414	548	430	289	315	50	240	42	217	325	294	324	355	300	215	183	304	210	256	181	177	312	299	194	242	235	239	222	220	399	84	307	139	134	322	317	238	424	261	179	253	166	534	500	418	167	259	154	178	348	163	229	267	299	240	200	114	229	326	297	335	94	188	188	337	166	144	134	168	98
DM011	134	418	41	9	3	495	259	490	314	411	239	277	458	285	276	563	259	284	300	157	265	171	114	111	128	242	507	180	275	176	229	269	236	120	246	576	7	184	70	416	486	135	246	187	261	380	145	597	221	320	100	153	289	161	326	76	227	463	354	225	4	214	327	291	221	312	456	172	229	356	47	315	366	168	239	125	759	398	498	245	304	339	143	406	235	283	152	382	335	135	81	219	292	259	275	294	128	247	116	255	320	185	96	151	294	190	221	218	339	410	80	210	253	65	108	20	47	235	186	273	261	92	391	186	154	137	248	348	263	213	371	107	347	398	84	299	475	196	202	198	313	148	395	353	244	226	199	399	381	254	337	71	1	283	279	96	325	136	207	99	92	97	182	117	313	469	218	107	297	216	319	132	227	107	34	244	388	261	280	345	301	7	185	283	309	129	7	253	190	262	276	274	249	142	154	222	205	280	173	290	155	467	15	237	230	146	147	151	107	365	41	1	163	197	424	229	180	362	1	78	70	57	188	46	270	12	209	143	204	287	135	208	86	177	126	223	36	221	30	95	119	186	133	333	278	192	106	115	59	1	1	65	51	366	94	2	149	262	68	21	118	151	161	94	390	107	1	3	199	134	159	374	70	99	263	161	58	165	144	103	221	294	1	520	401	419	154	139	574	33	6	14	364	333	95	203	252	211	206	152	146	432	232	165	260	361	130	363	207	197	199	367	303	102	299	226	608	421	9	345	48	319	426	261	380	287	240	453	352	315	180	285	390	294	149	253	448	374	206	506	177	397	443	166	330	261	338	154	218	333	257	257	283	216	177	167	3	1	443	349	469	146	188	199	60	149	333	58	218	177	152	173	267	456	34	154	208	298	173	503	57	226	249	227	324	253	189	111	254	1	95	1	189	363	212	152	252	317	134	308	183	304	181	163	98	107	300	340	217	129	304	379	100	59	155	118	191	304	331	172	329	316	276	270	386	367	560	153	108	272	193	233	156	156	307	305	207	117	185	331	189	442	162	379	133	147	370	266	192	386	153	310	155	191	482	1	278	428	247	300	14	146	113	231	201	118	197	288	372	20	125	270	29	399	411	605	230	173	360	379	338	349	470	326	276	310	141	324	211	309	243	336	205	330	368	357	357	339	148	108	440	340	429	56	359	271	404	7	245	438	252	377	248	102	663	94	264	215	204	230	247	172	273	501	430	183	316	429	255	476	171	466	176	271	286	233	222	218	594	349	293	347	331	284	399	362	213	339	150	297	135	259	249	194	304	212	303	76	473	279	195	6	158	381	330	197	206	264	341	300	398	310	466	319	391	220	401	711	37	149	102	248	252	100	112	303	282	154	305	31	186	242	103	360	160	259	271	238	143	486	422	414	218	252	176	24	255	177	131	402	325	451	325	312	395	100	118	224	189	256	301	331	230	206	300	357	323	144	560	201	265	361	637	213	391	470	213	314	215	246	210	291	447	370	15	196	1	437	188	358	159	352	374	438	322	196	178	264	333	324	335	144	166	335	156	284	1	171	306	254	366	289	161	280	377	347	366	207	142	429	188	181	171	282	111	213	130	128	100	273	259	258	182	76	62	645	184	153	209	134	5	113	99	155	81	107	70	75	84	56	103	71	82	131	73	151	34	44	125	62	200	283	361	62	374	188	158	133	92	102	7	74	86	3	4	54	63	53	31	50	30	65	144	275	197	391	282	264	360	430	337	359	214	319	136	203	172	414	549	436	287	317	50	14	42	115	329	295	262	363	305	214	183	306	213	256	183	180	313	301	195	242	231	239	222	220	400	84	307	140	134	322	318	240	295	261	180	255	167	539	501	418	169	259	156	178	351	163	229	268	303	240	202	114	229	328	301	335	95	187	188	340	166	144	134	168	98
DM0017	5	421	1	6	2	17	4	175	5	66	29	281	6	1	26	19	13	2	5	4	197	11	116	1	1	5	6	31	10	3	1	6	28	3	248	2	20	2	1	67	487	2	6	2	82	3	5	15	12	9	5	2	291	23	327	3	32	6	56	2	10	12	332	53	222	1	457	6	4	5	3	55	367	10	4	5	16	6	78	458	6	168	1	2	6	5	2	2	4	5	3	89	5	6	6	13	5	1	4	4	6	4	8	1	40	25	42	15	6	38	5	6	43	7	3	23	1	8	5	5	4	3	6	6	6	4	10	57	44	12	13	5	62	50	1	5	50	5	5	5	6	9	58	37	6	8	5	48	3	43	6	2	2	5	281	4	326	6	34	4	6	1	5	157	6	66	39	1	83	53	60	5	42	1	1	1	6	14	38	46	7	13	23	45	310	2	2	49	38	46	277	6	5	4	3	6	55	53	5	291	4	7	8	2	6	9	10	3	1	366	226	5	165	35	21	4	182	8	8	410	1	6	4	1	3	5	1	1	43	10	2	5	7	8	124	10	3	6	2	1	1	1	2	7	37	6	3	1	2	3	94	2	32	1	4	2	6	14	3	1	6	2	2	7	7	5	7	5	7	4	2	375	633	2	6	3	3	4	4	5	222	7	3	17	60	7	7	25	140	2	6	84	20	7	2	180	8	29	4	154	6	14	40	2	3	7	2	7	3	4	5	6	6	1	6	1	7	419	357	3	3	5	19	6	40	6	1	42	30	9	7	7	6	300	6	42	44	62	208	508	11	45	10	8	6	6	339	5	2	13	1	24	2	43	3	1	398	333	6	20	265	6	12	37	5	1	4	3	39	25	4	37	38	462	90	2	134	23	7	58	2	27	6	6	42	13	3	2	2	3	4	3	29	16	39	2	2	323	137	35	1	36	6	6	35	5	2	56	10	4	1	380	18	1	4	2	192	5	337	26	5	4	8	7	387	13	6	25	5	2	1	1	331	14	308	5	2	18	5	2	17	443	9	5	3	6	210	267	12	2	30	15	4	195	74	1	7	79	6	6	5	5	5	35	4	7	6	55	15	1	3	5	9	6	3	28	4	11	1	4	17	352	6	330	28	10	43	6	2	2	3	12	4	3	59	6	8	6	3	4	441	15	6	2	2	6	400	19	31	6	1	373	249	9	664	1	4	41	6	2	12	2	274	7	6	6	5	28	1	6	4	77	2	2	5	72	4	6	596	350	295	348	333	6	50	5	2	13	9	32	5	5	4	5	5	5	33	6	6	43	5	11	3	6	103	28	6	2	13	47	6	313	141	6	6	12	17	94	40	2	2	2	2	6	2	50	48	6	38	15	5	6	1	2	1	6	39	4	4	6	8	65	5	4	46	3	4	4	1	16	14	65	6	2	57	1	2	5	36	18	43	2	44	6	43	55	54	4	164	5	6	362	11	38	64	77	12	58	39	247	4	1	64	35	1	36	13	7	6	1	26	22	375	445	9	15	6	55	6	6	14	1	5	4	2	2	37	5	13	25	102	1	3	3	33	348	64	6	5	7	24	5	2	70	5	4	3	2	2	2	3	12	35	1	2	646	19	5	40	5	36	5	1	4	1	1	2	1	3	2	3	4	2	3	3	5	2	2	4	1	3	3	6	2	41	12	2	1	5	1	13	1	5	2	3	5	13	2	1	4	3	1	29	276	4	6	6	4	6	6	5	50	5	34	5	5	5	416	46	2	4	2	253	14	2	2	100	15	40	29	6	5	4	2	4	5	5	181	34	5	23	4	5	3	8	14	6	3	310	27	1	109	4	1	69	2	5	7	1	80	502	9	5	262	22	6	6	6	2	15	6	14	4	26	5	66	37	340	21	5	1	3	2	5	136	3	2
DM018	7	422	1	9	18	17	4	74	6	66	29	37	6	1	26	89	9	2	5	4	21	6	2	4	3	5	12	2	10	5	19	6	28	3	1	577	20	34	11	414	7	2	249	3	5	3	5	5	262	5	5	2	16	1	60	3	228	461	27	2	2	12	6	2	1	1	15	6	4	32	12	310	5	1	51	23	758	6	491	458	6	46	2	43	6	278	2	195	4	22	5	5	5	6	40	33	2	11	4	12	6	4	8	1	1	25	42	15	340	38	5	6	15	4	3	23	1	6	183	5	4	3	6	6	6	4	10	57	44	12	13	5	62	50	1	5	78	5	5	5	316	9	7	36	6	8	5	400	6	43	6	2	2	5	29	4	7	53	34	4	6	1	22	50	6	66	39	1	4	38	2	5	42	1	2	30	6	14	278	46	302	13	186	45	6	2	2	250	38	2	27	6	5	144	155	30	55	53	5	289	4	463	8	2	6	29	2	3	1	364	227	2	166	35	78	4	31	363	2	67	1	6	4	1	3	2	23	5	43	7	4	2	2	176	124	9	4	36	2	1	12	31	2	7	36	6	3	1	9	3	93	5	4	4	4	2	6	6	1	1	2	5	2	95	393	22	7	5	7	4	26	57	254	6	94	1	3	4	4	5	3	7	3	160	10	11	29	140	140	2	2	26	106	2	7	392	3	29	4	26	6	2	40	2	3	362	2	131	3	8	5	6	6	2	2	93	610	56	54	3	3	5	19	6	65	6	1	42	30	53	181	94	22	33	7	7	75	375	5	5	4	45	10	5	325	6	6	5	11	29	1	24	2	2	3	12	56	28	6	20	18	6	12	37	3	1	4	3	29	25	4	6	5	458	90	2	8	20	7	58	2	27	6	6	105	13	1	2	2	4	4	3	4	16	39	2	2	324	135	87	25	36	6	6	1	5	2	7	10	2	1	177	1	1	4	4	24	5	56	2	5	4	5	7	12	3	6	7	5	2	1	46	63	14	17	5	2	18	184	6	510	33	9	5	3	6	7	268	1	2	9	15	21	30	31	2	2	76	6	46	5	5	5	35	4	2	6	55	10	1	5	5	9	403	409	601	4	11	1	4	18	3	473	327	28	10	43	6	2	3	246	3	4	3	99	359	50	6	3	4	5	7	426	2	2	158	2	43	31	6	1	50	3	2	104	1	4	5	6	2	12	2	5	502	431	6	5	28	30	6	4	467	38	49	287	3	4	6	178	15	111	6	6	6	50	5	2	46	9	32	5	5	4	5	5	5	33	2	6	4	5	11	211	6	103	28	6	6	22	47	395	314	76	6	387	12	34	712	40	6	21	6	1	6	2	50	48	155	44	15	5	6	30	109	3	257	39	4	141	25	423	37	5	250	4	1	4	4	133	67	329	126	6	2	6	1	2	30	5	18	2	6	86	210	34	360	58	4	164	5	6	56	177	38	64	52	12	58	218	27	4	30	64	8	354	68	13	7	6	1	26	6	62	6	2	6	6	5	331	40	1	17	5	4	2	99	37	5	13	9	8	1	2	282	33	2	64	10	5	7	24	5	2	111	5	4	3	2	4	2	3	4	35	1	2	66	19	5	40	5	36	114	1	4	1	1	2	1	3	2	5	4	2	11	3	5	2	2	6	1	83	3	16	2	41	2	2	4	5	1	13	1	5	2	3	5	13	2	1	4	3	1	29	48	9	6	6	4	361	220	5	44	5	34	5	5	6	123	550	2	4	2	252	2	1	220	33	15	40	29	2	6	4	6	4	34	5	11	6	5	197	4	5	3	1	14	401	38	12	27	1	39	4	1	69	9	28	7	5	50	503	425	5	4	155	6	6	6	6	15	304	14	4	26	5	5	37	36	2	14	1	45	7	5	6	3	2
DM019	7	418	41	29	18	490	263	491	315	411	240	282	456	285	281	566	259	285	301	156	266	170	114	109	127	243	506	181	277	176	229	271	233	122	247	574	353	184	70	420	481	132	247	186	259	378	145	593	221	320	100	154	289	159	328	74	227	466	350	227	227	213	328	293	223	312	455	172	227	357	47	312	362	168	241	126	761	404	499	459	302	342	147	407	235	284	152	383	336	136	83	219	291	260	272	292	129	246	116	259	322	185	96	152	296	190	220	216	341	411	82	210	254	65	108	5	45	234	185	271	260	94	396	186	152	137	248	350	265	214	372	105	343	400	84	299	480	200	202	197	313	148	394	349	243	226	202	394	380	254	335	71	1	284	278	96	327	136	207	99	92	97	182	158	313	465	219	107	294	218	319	130	230	107	84	245	390	259	279	352	303	224	185	284	309	8	7	253	190	259	274	274	251	23	1	221	41	281	173	79	154	468	1	238	231	142	146	151	107	365	9	132	163	198	426	230	183	364	108	411	71	57	188	46	270	12	209	142	204	288	136	209	1	177	127	224	114	222	30	95	121	183	133	334	281	192	106	115	59	1	1	65	51	363	3	9	149	258	68	22	118	1	162	1	394	107	1	158	198	135	158	376	634	99	263	161	58	165	144	103	56	294	1	521	402	420	154	141	575	33	286	403	365	333	95	393	253	211	207	152	144	433	235	165	260	363	339	363	207	197	199	367	303	102	300	227	608	421	150	346	48	320	426	264	381	287	241	456	352	314	180	285	391	298	86	151	444	376	206	503	174	394	445	166	331	261	340	157	218	182	257	255	282	215	179	165	395	332	439	349	466	146	188	199	60	150	334	58	220	177	153	173	271	463	41	154	209	301	173	502	56	227	249	226	322	254	190	111	258	176	95	144	189	363	213	152	251	317	134	309	184	304	181	163	98	107	303	341	220	129	304	381	158	59	158	118	193	305	335	173	332	316	275	269	383	362	561	157	107	273	193	235	328	156	309	303	207	117	183	331	189	211	163	381	130	147	371	269	194	389	155	307	155	191	483	175	278	423	247	300	2	146	110	231	200	121	196	289	369	20	123	271	52	404	410	606	230	176	358	381	339	350	474	326	276	310	141	320	211	310	243	253	205	326	369	360	357	343	147	108	442	340	433	56	355	272	405	468	245	433	253	374	248	101	665	94	261	215	204	228	251	171	275	503	432	183	315	430	256	476	171	468	173	271	288	235	225	217	595	348	293	344	332	283	399	363	213	339	150	298	137	259	249	194	304	214	303	320	474	282	196	9	212	382	329	198	208	263	344	298	399	310	467	316	392	221	402	713	37	149	102	250	253	100	112	305	285	154	305	230	186	243	103	355	160	260	268	239	144	486	424	415	218	253	177	24	253	178	131	402	325	451	323	316	401	100	118	225	189	258	302	324	230	208	301	359	322	145	561	204	267	359	638	213	388	471	212	313	216	246	208	288	448	280	15	199	10	435	188	362	162	353	376	446	323	197	176	262	337	319	336	146	166	335	156	283	1	171	306	256	368	290	2	280	376	346	369	207	142	422	191	182	169	282	111	213	130	128	98	272	261	259	184	76	62	647	184	149	207	135	165	115	98	156	81	107	70	75	84	55	103	72	82	133	72	148	34	46	1	62	200	283	360	62	378	186	154	133	91	100	118	71	86	3	88	54	62	53	32	48	30	65	144	271	198	389	282	266	360	427	338	355	215	317	133	203	169	415	551	435	290	316	50	14	42	217	330	296	327	360	306	216	183	306	212	256	184	182	312	302	195	242	236	239	223	221	402	84	307	139	134	324	314	241	425	262	181	253	166	538	504	426	169	259	42	178	349	163	229	268	303	240	202	114	229	328	302	341	96	186	189	337	166	145	134	170	99
DM037	134	418	41	1	107	488	259	484	308	404	234	277	459	285	276	559	258	282	297	156	261	170	113	109	124	241	511	182	273	175	229	269	231	118	246	570	57	182	70	413	479	131	247	185	259	374	145	590	258	320	100	153	288	159	321	74	227	459	355	225	223	208	327	287	221	312	455	171	227	352	47	308	362	168	236	123	760	398	500	245	300	338	143	408	238	277	152	379	333	133	81	219	290	253	272	292	126	244	116	252	318	185	292	151	297	189	218	216	75	405	79	205	249	65	108	20	44	231	182	271	260	94	390	186	151	137	248	348	263	211	365	105	340	396	84	297	471	196	202	197	313	148	391	348	243	226	196	394	378	253	335	71	154	278	276	4	328	23	205	99	92	97	182	117	312	464	218	107	298	214	319	129	227	107	84	239	386	260	277	349	304	221	182	278	309	125	7	248	189	258	271	274	247	141	1	221	203	277	172	288	154	469	44	234	230	142	146	150	107	360	224	1	159	195	424	229	180	355	1	405	70	57	188	46	270	12	207	142	203	282	132	107	321	177	24	218	17	219	30	94	119	181	133	329	278	192	106	115	59	1	1	65	119	362	94	2	148	257	68	21	118	1	160	94	386	183	1	156	198	133	158	1	635	99	261	159	58	165	143	103	221	291	1	180	396	410	154	139	569	33	283	109	356	331	95	96	247	208	201	151	144	429	229	164	258	364	130	361	206	199	49	367	302	58	131	221	608	418	176	341	48	316	423	258	380	287	235	451	353	312	180	284	392	294	147	250	443	368	203	501	174	393	441	165	324	260	333	154	218	328	258	253	284	215	177	163	392	1	438	346	464	146	188	199	60	149	330	58	217	176	152	173	267	456	267	154	208	297	172	498	56	225	248	226	12	253	188	111	254	170	94	143	187	361	212	152	250	317	134	308	183	304	180	163	98	105	298	337	217	129	304	78	100	59	155	118	188	297	331	172	329	314	272	268	381	362	555	153	107	220	193	28	326	156	302	300	207	117	186	328	506	438	160	377	129	147	367	261	191	386	153	307	155	191	475	8	275	423	244	300	115	146	109	231	200	118	195	283	369	20	121	268	52	399	415	599	229	173	356	375	334	349	466	326	272	310	281	320	210	80	243	253	204	324	360	356	356	339	146	108	434	338	425	55	360	274	399	467	243	432	249	300	248	99	655	94	260	213	203	228	246	171	270	504	433	181	312	424	250	472	173	459	173	271	282	233	222	216	591	348	290	340	329	281	396	358	213	336	150	293	133	258	248	193	304	212	298	317	475	278	194	94	123	377	329	195	206	262	345	298	394	308	464	315	385	220	395	711	221	149	102	247	251	100	112	301	281	154	305	407	186	240	103	353	156	256	268	238	143	486	415	409	218	249	175	24	251	177	131	400	323	446	323	311	402	100	118	220	188	256	303	324	230	206	294	353	320	143	554	201	263	363	639	213	386	464	212	313	215	246	208	287	441	368	356	196	304	432	188	358	159	349	367	438	316	193	173	262	330	325	329	143	166	334	156	283	1	170	303	254	363	286	2	280	372	345	366	210	142	422	186	24	169	281	111	213	128	125	97	270	259	260	182	76	62	635	184	149	206	5	5	113	98	155	81	107	70	75	82	51	102	71	82	131	72	148	34	44	87	62	197	282	358	62	374	186	154	131	91	103	115	71	86	3	86	4	62	53	30	51	30	65	143	269	196	387	281	263	360	425	332	353	214	314	133	203	168	414	543	430	291	313	50	240	42	217	325	291	327	364	300	213	183	304	210	250	181	177	312	294	194	242	230	239	222	220	392	84	307	139	134	322	314	238	419	260	175	253	166	534	501	418	167	259	154	178	348	163	229	267	299	241	200	114	229	326	297	335	94	185	188	335	166	144	134	168	98
